No,Title,URL
1,Download Python - Python.org,https://www.python.org/downloads/
2,プログラミング言語 Python 総合情報サイト - python.jp,https://www.python.jp/
3,Python - Wikipedia,https://ja.wikipedia.org/wiki/Python
4,【入門】Pythonとは｜活用事例やメリット、できること、学習 ...,https://www.skillupai.com/blog/tech/about-python/
5,Welcome to Python.org,https://www.python.org/
6,pythonの動画,https://search.yahoo.co.jp/video/search?rkf=2&ei=UTF-8&fr=wsr_gvu&p=python
7,Python入門 - Progate,https://prog-8.com/courses/python
8,Python試験・資格、データ分析試験・資格を運営する一般社団 ...,https://www.pythonic-exam.com/
9,Pythonとは？特徴や世の中における活用事例、学習方法 ...,https://www.rd.ntt/se/media/article/0074.html
10,Pythonプログラミング入門,https://utokyo-ipp.github.io/
11,新・Python入門編 | プログラミング学習サイト ... - Paiza,https://paiza.jp/works/python/new-primer
12,【初心者向け】Python とは？プログラミング言語Pythonで ...,https://aiacademy.jp/media/?p=76
13,Pythonとは？開発に役立つ使い方、トレンド記事やtips - Qiita,https://qiita.com/tags/python
14,Pythonとは？3分で分かる人気の理由と基礎知識,https://cacco.co.jp/datascience/blog/glossary/1648/
15,Windows版Pythonのインストール: Python環境構築ガイド,https://www.python.jp/install/windows/install.html
16,Python入門,https://www.isc.meiji.ac.jp/~be00085/Python3/index.html
17,Pythonとは？できること・できないこと／特徴や活用例を解説,https://blastengine.jp/blog_content/python/
18,PyQ | Pythonで一歩踏み出すあなたのための、独学 ...,https://pyq.jp/
19,GitHubで人気の言語ランキング「PythonがTypeScriptに抜かれ ...,https://atmarkit.itmedia.co.jp/ait/articles/2601/02/news013.html
20,Pythonとは - IT用語辞典 e-Words,https://e-words.jp/w/Python.html
21,Pythonの導入方法｜ソフトの利用方法 - 東京経済大学,https://www.tku.ac.jp/iss/guide/classroom/soft/python.html
22,プログラミング言語のPythonとは？その特徴と活用方法,https://hnavi.co.jp/knowledge/blog/python/
23,Python とは? - Python 言語の説明 - AWS,https://aws.amazon.com/jp/what-is/python/
24,Pythonとは？大人気プログラミング言語のメリットや活用事例 ...,https://www.internetacademy.jp/it/programming/programming-basic/what-is-python.html
25,python/cpython: The Python programming language - GitHub,https://github.com/python/cpython
26,Pythonでできること8つを紹介！初心者でも使用できる言語の ...,https://www.dhw.ac.jp/now/list/howtobe/python/
27,Pythonとは? | Oracle 日本,https://www.oracle.com/jp/developer/what-is-python-for-developers/
28,Python入門 - Let'sプログラミング,https://www.javadrive.jp/python/
29,とほほのPython入門,https://www.tohoho-web.com/python/
